name,degree,degree_centrality
defendants,1,0.00044943820224719103
plaintiffs,1,0.00044943820224719103
davy,167,0.0750561797752809
robert,804,0.3613483146067416
massyngton,1,0.00044943820224719103
william,1276,0.5734831460674158
glove,1,0.00044943820224719103
clemens,27,0.012134831460674157
lavour,3,0.001348314606741573
thomas,1212,0.5447191011235956
cony,12,0.005393258426966292
coke,109,0.048988764044943824
boye,12,0.005393258426966292
sherard,15,0.006741573033707865
simon,217,0.09752808988764046
crown,1500,0.6741573033707865
henry,625,0.2808988764044944
richard,1024,0.4602247191011236
warner,19,0.00853932584269663
walter,406,0.18247191011235955
kyng,91,0.04089887640449438
john,1739,0.7815730337078652
alouff,7,0.003146067415730337
margery,7,0.003146067415730337
northampton,7,0.003146067415730337
philip,231,0.10382022471910113
malpas,7,0.003146067415730337
cheshire,7,0.003146067415730337
egerton,9,0.004044943820224719
roger,372,0.16719101123595506
bleche,3,0.001348314606741573
selwitham,3,0.001348314606741573
burgeys,18,0.008089887640449439
joan,60,0.02696629213483146
verne,1,0.00044943820224719103
westey,4,0.0017977528089887641
johanna,19,0.00853932584269663
vera,4,0.0017977528089887641
veysy,4,0.0017977528089887641
palmer,4,0.0017977528089887641
inglond,1,0.00044943820224719103
reginald,70,0.03146067415730337
walkeden,6,0.002696629213483146
saltby,6,0.002696629213483146
rey,1,0.00044943820224719103
stevens,3,0.001348314606741573
laurence,157,0.07056179775280899
lawrence,125,0.05617977528089888
stevenes,3,0.001348314606741573
forest,3,0.001348314606741573
ferear,3,0.001348314606741573
james,283,0.12719101123595505
rothe,33,0.014831460674157304
jacob,5,0.0022471910112359553
swetman,2,0.0008988764044943821
wetman,1,0.00044943820224719103
sylvestre,5,0.0022471910112359553
okeburn,5,0.0022471910112359553
stephen,106,0.04764044943820225
ashton,112,0.050337078651685394
ralph,320,0.14382022471910114
bowes,44,0.019775280898876407
herryson,32,0.014382022471910113
thornbury,34,0.015280898876404495
bancell,19,0.00853932584269663
edward,204,0.09168539325842696
bolton,36,0.016179775280898877
angell,42,0.018876404494382024
darell,45,0.020224719101123598
austen,32,0.014382022471910113
bany,31,0.013932584269662922
charles,64,0.028764044943820226
wylhous,19,0.00853932584269663
wyn,54,0.024269662921348314
bonour,44,0.019775280898876407
wyes,18,0.008089887640449439
dyn,22,0.009887640449438203
garbit,1,0.00044943820224719103
colt,2,0.0008988764044943821
cokt,2,0.0008988764044943821
bawedewyn,3,0.001348314606741573
alice,27,0.012134831460674157
christina,8,0.0035955056179775282
aysshete,2,0.0008988764044943821
elizabeth,2,0.0008988764044943821
aysshcote,2,0.0008988764044943821
whyte,31,0.013932584269662922
lynton,16,0.0071910112359550565
gono,4,0.0017977528089887641
shorter,10,0.0044943820224719105
boudon,4,0.0017977528089887641
stanley,3,0.001348314606741573
reward,3,0.001348314606741573
petronilla,3,0.001348314606741573
feylond,6,0.002696629213483146
yonge,19,0.00853932584269663
kemys,6,0.002696629213483146
hunt,66,0.029662921348314608
smyth,206,0.09258426966292135
pentecoste,5,0.0022471910112359553
wolnoth,5,0.0022471910112359553
stone,11,0.004943820224719102
horewode,1,0.00044943820224719103
fraunceys,63,0.028314606741573035
crede,11,0.004943820224719102
persaley,11,0.004943820224719102
frank,12,0.005393258426966292
walkeman,11,0.004943820224719102
bysshop,42,0.018876404494382024
ruddok,44,0.019775280898876407
marten,6,0.002696629213483146
hervy,16,0.0071910112359550565
rell,6,0.002696629213483146
luky,6,0.002696629213483146
auncell,6,0.002696629213483146
hykke,6,0.002696629213483146
crokker,10,0.0044943820224719105
symon,10,0.0044943820224719105
peter,174,0.07820224719101124
walshe,20,0.008988764044943821
ryder,10,0.0044943820224719105
helyer,42,0.018876404494382024
bride,10,0.0044943820224719105
fleccher,25,0.011235955056179775
hoge,4,0.0017977528089887641
mathede,3,0.001348314606741573
herfordebure,3,0.001348314606741573
hulot,3,0.001348314606741573
margaret,19,0.00853932584269663
leybourne,3,0.001348314606741573
hassock,3,0.001348314606741573
lawles,11,0.004943820224719102
love,16,0.0071910112359550565
jusdon,11,0.004943820224719102
geoffrey,139,0.06247191011235955
berbawe,11,0.004943820224719102
heruy,11,0.004943820224719102
couper,100,0.0449438202247191
yrde,11,0.004943820224719102
reculver,10,0.0044943820224719105
sager,10,0.0044943820224719105
holder,13,0.005842696629213483
carter,55,0.024719101123595506
bonham,10,0.0044943820224719105
garland,10,0.0044943820224719105
saverey,3,0.001348314606741573
bury,6,0.002696629213483146
denyas,2,0.0008988764044943821
vige,2,0.0008988764044943821
comporte,7,0.003146067415730337
cok,7,0.003146067415730337
pound,7,0.003146067415730337
partriche,7,0.003146067415730337
nasshe,5,0.0022471910112359553
burell,5,0.0022471910112359553
worcs,5,0.0022471910112359553
omursley,5,0.0022471910112359553
nash,1,0.00044943820224719103
joce,2,0.0008988764044943821
gryme,48,0.021573033707865168
courton,11,0.004943820224719102
wellys,40,0.017977528089887642
brytte,11,0.004943820224719102
jones,15,0.006741573033707865
douman,11,0.004943820224719102
wells,11,0.004943820224719102
drue,11,0.004943820224719102
agnes,60,0.02696629213483146
powgheley,2,0.0008988764044943821
snelling,1,0.00044943820224719103
olyver,1,0.00044943820224719103
wood,9,0.004044943820224719
sharlus,4,0.0017977528089887641
leweys,4,0.0017977528089887641
nicholas,399,0.1793258426966292
cateyn,19,0.00853932584269663
lomelyn,45,0.020224719101123598
jerome,19,0.00853932584269663
louis,13,0.005842696629213483
centurion,19,0.00853932584269663
galeon,9,0.004044943820224719
lionel,9,0.004044943820224719
scott,22,0.009887640449438203
mylond,4,0.0017977528089887641
bery,4,0.0017977528089887641
ingland,4,0.0017977528089887641
manigr,8,0.0035955056179775282
playmake,8,0.0035955056179775282
maier,8,0.0035955056179775282
mary,17,0.007640449438202248
playmarke,8,0.0035955056179775282
maury,8,0.0035955056179775282
fewyche,3,0.001348314606741573
baut,3,0.001348314606741573
pye,3,0.001348314606741573
perys,3,0.001348314606741573
wrey,69,0.03101123595505618
edmond,4,0.0017977528089887641
kellam,4,0.0017977528089887641
underwood,4,0.0017977528089887641
berebruer,13,0.005842696629213483
henbury,3,0.001348314606741573
keys,3,0.001348314606741573
gese,3,0.001348314606741573
wykyn,1,0.00044943820224719103
buk,3,0.001348314606741573
buntyng,3,0.001348314606741573
gamme,75,0.033707865168539325
sederter,9,0.004044943820224719
maynger,9,0.004044943820224719
leche,13,0.005842696629213483
mannyng,34,0.015280898876404495
francis,51,0.02292134831460674
napoleon,15,0.006741573033707865
spinell,15,0.006741573033707865
lodowic,15,0.006741573033707865
edmund,198,0.08898876404494382
leonel,15,0.006741573033707865
balius,15,0.006741573033707865
barell,15,0.006741573033707865
garard,15,0.006741573033707865
thormbury,26,0.011685393258426966
syn,26,0.011685393258426966
julia,26,0.011685393258426966
caranus,26,0.011685393258426966
wylhows,26,0.011685393258426966
cancell,26,0.011685393258426966
salvago,26,0.011685393258426966
spinelli,26,0.011685393258426966
papworth,8,0.0035955056179775282
colyn,13,0.005842696629213483
helder,8,0.0035955056179775282
eustace,66,0.029662921348314608
grene,110,0.04943820224719101
camvyle,8,0.0035955056179775282
white,28,0.012584269662921348
steven,14,0.006292134831460674
clement,109,0.048988764044943824
everesley,3,0.001348314606741573
smewyn,3,0.001348314606741573
freman,32,0.014382022471910113
pesmersshe,2,0.0008988764044943821
bylyot,1,0.00044943820224719103
lee,6,0.002696629213483146
elsharne,6,0.002696629213483146
broun,39,0.01752808988764045
inglos,6,0.002696629213483146
frankeleyn,1,0.00044943820224719103
taillour,173,0.07775280898876405
parker,119,0.053483146067415735
saynesbury,8,0.0035955056179775282
hymerford,8,0.0035955056179775282
lardre,8,0.0035955056179775282
est,11,0.004943820224719102
coker,8,0.0035955056179775282
del,8,0.0035955056179775282
shirburn,8,0.0035955056179775282
soms,8,0.0035955056179775282
miryman,4,0.0017977528089887641
bamfeld,4,0.0017977528089887641
denham,6,0.002696629213483146
prathuwisshe,5,0.0022471910112359553
bagelhole,5,0.0022471910112359553
son,28,0.012584269662921348
walsh,5,0.0022471910112359553
wynde,2,0.0008988764044943821
whithand,12,0.005393258426966292
denton,12,0.005393258426966292
together,11,0.004943820224719102
senior,16,0.0071910112359550565
junior,31,0.013932584269662922
asshedon,11,0.004943820224719102
with,11,0.004943820224719102
derle,7,0.003146067415730337
bounde,7,0.003146067415730337
lurkebawede,7,0.003146067415730337
serle,8,0.0035955056179775282
guillim,102,0.04584269662921348
bullyn,14,0.006292134831460674
puler,53,0.023820224719101123
burweyn,14,0.006292134831460674
potkyn,14,0.006292134831460674
alynne,21,0.009438202247191012
bulkin,14,0.006292134831460674
butwyn,14,0.006292134831460674
potkin,14,0.006292134831460674
aling,14,0.006292134831460674
swan,18,0.008089887640449439
pulter,14,0.006292134831460674
coy,12,0.005393258426966292
wideward,12,0.005393258426966292
wardyngton,12,0.005393258426966292
wode,78,0.0350561797752809
wadyngton,12,0.005393258426966292
pety,12,0.005393258426966292
adam,90,0.040449438202247195
worthekede,26,0.011685393258426966
dixson,26,0.011685393258426966
floran,26,0.011685393258426966
cesse,26,0.011685393258426966
saunbrige,26,0.011685393258426966
blanchard,26,0.011685393258426966
maydebury,26,0.011685393258426966
todde,26,0.011685393258426966
chambour,52,0.023370786516853932
kent,74,0.03325842696629214
stokys,47,0.02112359550561798
hogan,26,0.011685393258426966
acworth,26,0.011685393258426966
crowche,34,0.015280898876404495
conne,26,0.011685393258426966
sampson,53,0.023820224719101123
bysshorp,26,0.011685393258426966
wale,27,0.012134831460674157
gilbert,45,0.020224719101123598
joyn,10,0.0044943820224719105
creke,10,0.0044943820224719105
bromley,30,0.01348314606741573
mortimer,24,0.010786516853932584
umfrey,10,0.0044943820224719105
brygge,18,0.008089887640449439
elys,64,0.028764044943820226
roberd,1,0.00044943820224719103
prest,1,0.00044943820224719103
langdon,2,0.0008988764044943821
steyngate,1,0.00044943820224719103
coole,23,0.010337078651685394
hughson,6,0.002696629213483146
ioskyn,7,0.003146067415730337
towe,7,0.003146067415730337
appylton,7,0.003146067415730337
pogio,5,0.0022471910112359553
poggio,5,0.0022471910112359553
spinnes,5,0.0022471910112359553
lancelot,5,0.0022471910112359553
evynnes,5,0.0022471910112359553
hewesson,1,0.00044943820224719103
swerd,5,0.0022471910112359553
styward,16,0.0071910112359550565
amyas,5,0.0022471910112359553
anyes,5,0.0022471910112359553
sywerd,1,0.00044943820224719103
wodeselawe,1,0.00044943820224719103
wakerley,11,0.004943820224719102
godesfelawe,3,0.001348314606741573
goodfellow,3,0.001348314606741573
potter,25,0.011235955056179775
bele,40,0.017977528089887642
hall,50,0.02247191011235955
ingoldesby,4,0.0017977528089887641
baluer,5,0.0022471910112359553
dalmer,5,0.0022471910112359553
berd,27,0.012134831460674157
sorell,5,0.0022471910112359553
reynold,25,0.011235955056179775
hugh,106,0.04764044943820225
penon,5,0.0022471910112359553
grigory,3,0.001348314606741573
thomson,12,0.005393258426966292
nicolson,2,0.0008988764044943821
horne,15,0.006741573033707865
trethewey,4,0.0017977528089887641
rogers,13,0.005842696629213483
collar,46,0.02067415730337079
chapman,5,0.0022471910112359553
maker,46,0.02067415730337079
walden,5,0.0022471910112359553
fray,5,0.0022471910112359553
david,304,0.13662921348314608
baseley,1,0.00044943820224719103
fynch,7,0.003146067415730337
lucas,28,0.012584269662921348
wynchelse,4,0.0017977528089887641
gaseley,1,0.00044943820224719103
leghe,3,0.001348314606741573
ikelesham,3,0.001348314606741573
colyns,63,0.028314606741573035
payntour,3,0.001348314606741573
power,27,0.012134831460674157
christopher,15,0.006741573033707865
bosard,11,0.004943820224719102
leghton,11,0.004943820224719102
bennyng,11,0.004943820224719102
gaddesden,11,0.004943820224719102
tailor,196,0.08808988764044944
wife,33,0.014831460674157304
his,33,0.014831460674157304
appylly,1,0.00044943820224719103
appleby,1,0.00044943820224719103
whiting,8,0.0035955056179775282
felde,5,0.0022471910112359553
gedrey,5,0.0022471910112359553
dene,52,0.023370786516853932
maryner,3,0.001348314606741573
juxta,8,0.0035955056179775282
bowethorp,8,0.0035955056179775282
underwode,8,0.0035955056179775282
godehalle,8,0.0035955056179775282
edmonde,8,0.0035955056179775282
wytham,8,0.0035955056179775282
everley,2,0.0008988764044943821
guerley,2,0.0008988764044943821
drake,7,0.003146067415730337
holdernesse,7,0.003146067415730337
eustas,7,0.003146067415730337
horn,7,0.003146067415730337
hanmer,3,0.001348314606741573
dyche,58,0.02606741573033708
dumbulton,1,0.00044943820224719103
reder,1,0.00044943820224719103
wyse,4,0.0017977528089887641
bynup,2,0.0008988764044943821
chylde,8,0.0035955056179775282
boys,20,0.008988764044943821
duygard,8,0.0035955056179775282
childe,8,0.0035955056179775282
dugard,8,0.0035955056179775282
shellyng,10,0.0044943820224719105
walshefe,10,0.0044943820224719105
aneden,10,0.0044943820224719105
olyve,10,0.0044943820224719105
horwode,10,0.0044943820224719105
alrede,10,0.0044943820224719105
conyne,10,0.0044943820224719105
gyfforde,3,0.001348314606741573
dyver,3,0.001348314606741573
littleton,18,0.008089887640449439
canend,18,0.008089887640449439
custance,18,0.008089887640449439
mundys,26,0.011685393258426966
joynour,18,0.008089887640449439
quarles,26,0.011685393258426966
sexton,18,0.008089887640449439
piers,18,0.008089887640449439
hoo,108,0.04853932584269663
ayleward,26,0.011685393258426966
karman,26,0.011685393258426966
richeman,26,0.011685393258426966
sperhawk,18,0.008089887640449439
camond,19,0.00853932584269663
litelton,19,0.00853932584269663
jouynur,19,0.00853932584269663
bustan,19,0.00853932584269663
pyers,19,0.00853932584269663
sexteyn,19,0.00853932584269663
sperhanke,19,0.00853932584269663
creweley,13,0.005842696629213483
toynton,13,0.005842696629213483
andrewe,117,0.05258426966292135
atte,81,0.03640449438202247
andrawe,13,0.005842696629213483
smert,13,0.005842696629213483
gutter,13,0.005842696629213483
croweley,13,0.005842696629213483
bekke,5,0.0022471910112359553
sutton,15,0.006741573033707865
martyn,28,0.012584269662921348
blake,15,0.006741573033707865
bovey,7,0.003146067415730337
broker,12,0.005393258426966292
melle,7,0.003146067415730337
kyngeswode,7,0.003146067415730337
brandon,45,0.020224719101123598
gogh,81,0.03640449438202247
assheley,3,0.001348314606741573
gylbert,5,0.0022471910112359553
chamberlayn,1,0.00044943820224719103
pecche,18,0.008089887640449439
budde,18,0.008089887640449439
sparke,18,0.008089887640449439
fynche,23,0.010337078651685394
bocher,18,0.008089887640449439
cudyngton,18,0.008089887640449439
mere,29,0.01303370786516854
mathewe,64,0.028764044943820226
toller,18,0.008089887640449439
master,18,0.008089887640449439
hore,94,0.04224719101123596
hyld,16,0.0071910112359550565
skutte,16,0.0071910112359550565
colman,16,0.0071910112359550565
heydon,16,0.0071910112359550565
gardyner,16,0.0071910112359550565
stanton,16,0.0071910112359550565
stylman,16,0.0071910112359550565
aleyn,112,0.050337078651685394
caryoll,16,0.0071910112359550565
neweman,18,0.008089887640449439
ellowe,8,0.0035955056179775282
hicke,8,0.0035955056179775282
cecily,8,0.0035955056179775282
benedict,8,0.0035955056179775282
isabel,8,0.0035955056179775282
leskertburgh,8,0.0035955056179775282
hillyng,4,0.0017977528089887641
dorchester,4,0.0017977528089887641
bayly,58,0.02606741573033708
hyltop,1,0.00044943820224719103
colcr,4,0.0017977528089887641
fulwode,4,0.0017977528089887641
porter,6,0.002696629213483146
hurpynfold,5,0.0022471910112359553
grenewode,5,0.0022471910112359553
wentworth,3,0.001348314606741573
tranffeld,3,0.001348314606741573
morwhill,10,0.0044943820224719105
mauncell,7,0.003146067415730337
wenteworth,7,0.003146067415730337
gacon,7,0.003146067415730337
kaynysham,1,0.00044943820224719103
chilburne,2,0.0008988764044943821
devenysshe,1,0.00044943820224719103
godmay,2,0.0008988764044943821
lewer,13,0.005842696629213483
haket,13,0.005842696629213483
philippa,13,0.005842696629213483
mabel,13,0.005842696629213483
wellek,13,0.005842696629213483
vante,13,0.005842696629213483
colle,56,0.025168539325842697
duke,1,0.00044943820224719103
gadde,10,0.0044943820224719105
berky,3,0.001348314606741573
veell,1,0.00044943820224719103
merwykell,3,0.001348314606741573
kente,3,0.001348314606741573
halle,58,0.02606741573033708
london,79,0.03550561797752809
curde,10,0.0044943820224719105
reydon,3,0.001348314606741573
carder,5,0.0022471910112359553
ditton,7,0.003146067415730337
judd,7,0.003146067415730337
fenne,7,0.003146067415730337
cams,7,0.003146067415730337
kebell,1,0.00044943820224719103
katherine,27,0.012134831460674157
walfrid,3,0.001348314606741573
may,33,0.014831460674157304
frunk,1,0.00044943820224719103
foster,11,0.004943820224719102
spere,15,0.006741573033707865
knyghton,10,0.0044943820224719105
soldier,11,0.004943820224719102
bayford,10,0.0044943820224719105
polwartha,6,0.002696629213483146
ive,6,0.002696629213483146
treuyas,6,0.002696629213483146
gylmyn,4,0.0017977528089887641
warde,119,0.053483146067415735
trenyson,1,0.00044943820224719103
catryngton,5,0.0022471910112359553
long,85,0.038202247191011236
lovedon,5,0.0022471910112359553
estmond,8,0.0035955056179775282
loveday,8,0.0035955056179775282
kebowe,12,0.005393258426966292
milward,8,0.0035955056179775282
macowe,8,0.0035955056179775282
boote,8,0.0035955056179775282
troubrigge,5,0.0022471910112359553
longe,5,0.0022471910112359553
chaplain,10,0.0044943820224719105
fytzion,11,0.004943820224719102
marchall,18,0.008089887640449439
bryson,11,0.004943820224719102
maryet,11,0.004943820224719102
chyld,1,0.00044943820224719103
baskerville,70,0.03146067415730337
patton,4,0.0017977528089887641
wynsham,1,0.00044943820224719103
broughton,2,0.0008988764044943821
coyte,2,0.0008988764044943821
stury,4,0.0017977528089887641
bremshote,4,0.0017977528089887641
throkmarton,1,0.00044943820224719103
bownd,1,0.00044943820224719103
carre,3,0.001348314606741573
galyon,3,0.001348314606741573
webbe,5,0.0022471910112359553
fernham,5,0.0022471910112359553
gode,5,0.0022471910112359553
langbrige,5,0.0022471910112359553
laske,1,0.00044943820224719103
bodnauton,3,0.001348314606741573
catte,3,0.001348314606741573
martin,15,0.006741573033707865
pathecote,8,0.0035955056179775282
bylde,8,0.0035955056179775282
patche,8,0.0035955056179775282
pechemete,8,0.0035955056179775282
pechote,8,0.0035955056179775282
petyt,3,0.001348314606741573
wheteley,3,0.001348314606741573
sampford,25,0.011235955056179775
betayn,3,0.001348314606741573
shyford,3,0.001348314606741573
burnard,1,0.00044943820224719103
stratton,3,0.001348314606741573
brygan,3,0.001348314606741573
aller,1,0.00044943820224719103
walker,23,0.010337078651685394
boselworth,5,0.0022471910112359553
chepe,5,0.0022471910112359553
barnard,5,0.0022471910112359553
thomasina,5,0.0022471910112359553
matthew,71,0.03191011235955056
jule,5,0.0022471910112359553
scotte,53,0.023820224719101123
hayward,16,0.0071910112359550565
cattayn,2,0.0008988764044943821
canon,16,0.0071910112359550565
moredon,11,0.004943820224719102
pounde,11,0.004943820224719102
parys,11,0.004943820224719102
limeburner,11,0.004943820224719102
cheper,1,0.00044943820224719103
corbryge,1,0.00044943820224719103
noe,1,0.00044943820224719103
fanne,15,0.006741573033707865
gildert,3,0.001348314606741573
cornyssh,9,0.004044943820224719
cornish,2,0.0008988764044943821
johns,1,0.00044943820224719103
cecilia,3,0.001348314606741573
cossale,3,0.001348314606741573
rendon,3,0.001348314606741573
wenslowe,1,0.00044943820224719103
perkyn,8,0.0035955056179775282
helen,4,0.0017977528089887641
moreton,30,0.01348314606741573
rede,87,0.03910112359550562
rees,91,0.04089887640449438
noryse,8,0.0035955056179775282
westbury,8,0.0035955056179775282
wrenche,8,0.0035955056179775282
man,11,0.004943820224719102
reker,3,0.001348314606741573
pryour,3,0.001348314606741573
pertour,3,0.001348314606741573
bankyn,6,0.002696629213483146
paulyn,13,0.005842696629213483
beauchamp,13,0.005842696629213483
brysbone,13,0.005842696629213483
norf,21,0.009438202247191012
waldernhall,12,0.005393258426966292
frampton,12,0.005393258426966292
boatman,12,0.005393258426966292
pygge,12,0.005393258426966292
barowe,80,0.035955056179775284
hede,79,0.03550561797752809
brode,8,0.0035955056179775282
gourney,8,0.0035955056179775282
randolfe,8,0.0035955056179775282
welly,8,0.0035955056179775282
stokes,83,0.037303370786516854
nenewe,2,0.0008988764044943821
yene,8,0.0035955056179775282
hoygge,8,0.0035955056179775282
stenelake,8,0.0035955056179775282
champnon,8,0.0035955056179775282
donyng,8,0.0035955056179775282
cartwryght,4,0.0017977528089887641
brouetour,4,0.0017977528089887641
breton,6,0.002696629213483146
cordon,4,0.0017977528089887641
frottesham,2,0.0008988764044943821
draper,16,0.0071910112359550565
bryghte,4,0.0017977528089887641
sarke,4,0.0017977528089887641
berney,2,0.0008988764044943821
wryghte,8,0.0035955056179775282
brampton,6,0.002696629213483146
drawale,6,0.002696629213483146
coton,12,0.005393258426966292
herryes,4,0.0017977528089887641
elson,4,0.0017977528089887641
rous,8,0.0035955056179775282
durnsorell,2,0.0008988764044943821
rex,238,0.10696629213483147
fulscot,3,0.001348314606741573
bishop,20,0.008988764044943821
mortoft,4,0.0017977528089887641
gorseley,3,0.001348314606741573
lobenham,8,0.0035955056179775282
saldewell,8,0.0035955056179775282
staldewell,8,0.0035955056179775282
bussh,36,0.016179775280898877
getty,2,0.0008988764044943821
parchomener,5,0.0022471910112359553
santon,5,0.0022471910112359553
daynecourt,5,0.0022471910112359553
gudson,5,0.0022471910112359553
maydenwell,5,0.0022471910112359553
spafford,5,0.0022471910112359553
yemondys,5,0.0022471910112359553
tylowe,5,0.0022471910112359553
brekenok,27,0.012134831460674157
owen,25,0.011235955056179775
corveser,166,0.07460674157303371
mayle,25,0.011235955056179775
wyndever,18,0.008089887640449439
moseley,25,0.011235955056179775
jay,25,0.011235955056179775
wyndover,25,0.011235955056179775
maile,18,0.008089887640449439
rotherus,18,0.008089887640449439
lloyd,101,0.045393258426966294
cordwainer,63,0.028314606741573035
butcher,67,0.0301123595505618
hereford,23,0.010337078651685394
godeknape,54,0.024269662921348314
wryght,139,0.06247191011235955
sclatter,100,0.0449438202247191
perche,77,0.03460674157303371
furnas,54,0.024269662921348314
howson,54,0.024269662921348314
cooper,54,0.024269662921348314
bulde,54,0.024269662921348314
schole,54,0.024269662921348314
shyresson,77,0.03460674157303371
webster,90,0.040449438202247195
staynfeld,77,0.03460674157303371
perk,54,0.024269662921348314
person,91,0.04089887640449438
mawer,77,0.03460674157303371
oliver,79,0.03550561797752809
parowe,77,0.03460674157303371
pynner,78,0.0350561797752809
wylde,77,0.03460674157303371
milner,93,0.041797752808988765
flynton,77,0.03460674157303371
bees,77,0.03460674157303371
alan,103,0.04629213483146068
wetewang,54,0.024269662921348314
thruston,54,0.024269662921348314
rake,54,0.024269662921348314
ledbyrn,54,0.024269662921348314
lewyn,77,0.03460674157303371
wylerd,54,0.024269662921348314
talley,54,0.024269662921348314
askeburner,77,0.03460674157303371
furneys,77,0.03460674157303371
wabster,54,0.024269662921348314
robon,54,0.024269662921348314
parchour,54,0.024269662921348314
waterlade,77,0.03460674157303371
thornton,77,0.03460674157303371
nochalson,54,0.024269662921348314
roberdson,54,0.024269662921348314
everyngham,77,0.03460674157303371
tailboys,58,0.02606741573033708
rabbe,58,0.02606741573033708
akereson,58,0.02606741573033708
armstrong,58,0.02606741573033708
hocthonson,58,0.02606741573033708
thuston,58,0.02606741573033708
bunde,58,0.02606741573033708
wyberd,58,0.02606741573033708
ledeburn,58,0.02606741573033708
cale,58,0.02606741573033708
robson,58,0.02606741573033708
browne,78,0.0350561797752809
nobelson,58,0.02606741573033708
bodeknape,58,0.02606741573033708
fraunces,58,0.02606741573033708
schele,58,0.02606741573033708
syer,93,0.041797752808988765
jaye,101,0.045393258426966294
kever,58,0.02606741573033708
furbur,58,0.02606741573033708
perch,58,0.02606741573033708
whetwang,58,0.02606741573033708
mote,6,0.002696629213483146
humphrey,62,0.027865168539325844
stafford,2,0.0008988764044943821
isabella,21,0.009438202247191012
brounhall,5,0.0022471910112359553
saxby,5,0.0022471910112359553
kynggiswalden,6,0.002696629213483146
hertfordyngbury,6,0.002696629213483146
wayte,2,0.0008988764044943821
payn,50,0.02247191011235955
ducheman,13,0.005842696629213483
mercer,52,0.023370786516853932
barton,11,0.004943820224719102
executors,11,0.004943820224719102
heir,11,0.004943820224719102
myrfeld,11,0.004943820224719102
gerard,107,0.04808988764044944
reed,11,0.004943820224719102
southwark,30,0.01348314606741573
harebotell,3,0.001348314606741573
chilton,3,0.001348314606741573
morys,45,0.020224719101123598
rode,24,0.010786516853932584
joskyn,34,0.015280898876404495
flogan,34,0.015280898876404495
frenchman,39,0.01752808988764045
cawode,24,0.010786516853932584
mortymere,29,0.01303370786516854
gonne,34,0.015280898876404495
stanyng,29,0.01303370786516854
selfyn,24,0.010786516853932584
huntingdon,5,0.0022471910112359553
millener,5,0.0022471910112359553
medburn,5,0.0022471910112359553
tode,17,0.007640449438202248
rokert,17,0.007640449438202248
stanbridge,17,0.007640449438202248
hylmaker,17,0.007640449438202248
appleton,5,0.0022471910112359553
baldwyn,20,0.008988764044943821
taillo,20,0.008988764044943821
knydall,20,0.008988764044943821
gaywode,2,0.0008988764044943821
brome,72,0.032359550561797755
beryche,12,0.005393258426966292
michael,19,0.00853932584269663
adyngton,12,0.005393258426966292
assheborne,12,0.005393258426966292
clay,7,0.003146067415730337
clerke,9,0.004044943820224719
barbour,116,0.05213483146067416
crouche,6,0.002696629213483146
sharp,5,0.0022471910112359553
maigge,8,0.0035955056179775282
turnour,10,0.0044943820224719105
westley,2,0.0008988764044943821
denys,7,0.003146067415730337
marshall,6,0.002696629213483146
swaldale,4,0.0017977528089887641
faldryng,4,0.0017977528089887641
palfry,4,0.0017977528089887641
mirestowe,2,0.0008988764044943821
gybbes,5,0.0022471910112359553
meryke,5,0.0022471910112359553
edunde,5,0.0022471910112359553
netherton,5,0.0022471910112359553
shayll,2,0.0008988764044943821
ievan,3,0.001348314606741573
meuryk,3,0.001348314606741573
traharum,3,0.001348314606741573
wyllyngton,4,0.0017977528089887641
fletcher,49,0.02202247191011236
dureford,3,0.001348314606741573
shirgold,4,0.0017977528089887641
pethek,2,0.0008988764044943821
blussh,4,0.0017977528089887641
wechynden,4,0.0017977528089887641
swylyngton,4,0.0017977528089887641
grenewiche,4,0.0017977528089887641
cullyng,6,0.002696629213483146
huse,2,0.0008988764044943821
lyghley,3,0.001348314606741573
lyghtley,3,0.001348314606741573
theobald,2,0.0008988764044943821
aunger,2,0.0008988764044943821
husy,2,0.0008988764044943821
scales,2,0.0008988764044943821
tytlowe,4,0.0017977528089887641
broke,18,0.008089887640449439
sherfeld,2,0.0008988764044943821
berwyk,2,0.0008988764044943821
roheleam,2,0.0008988764044943821
britnell,2,0.0008988764044943821
wheleer,3,0.001348314606741573
wheler,3,0.001348314606741573
yong,3,0.001348314606741573
yorke,3,0.001348314606741573
cade,11,0.004943820224719102
deyncourt,12,0.005393258426966292
stondon,11,0.004943820224719102
byce,11,0.004943820224719102
drakes,5,0.0022471910112359553
eyre,5,0.0022471910112359553
lowe,5,0.0022471910112359553
king,20,0.008988764044943821
harvey,5,0.0022471910112359553
sesill,8,0.0035955056179775282
iohy,8,0.0035955056179775282
dente,8,0.0035955056179775282
cope,8,0.0035955056179775282
houghton,6,0.002696629213483146
newman,6,0.002696629213483146
brocas,8,0.0035955056179775282
arnold,11,0.004943820224719102
benton,21,0.009438202247191012
hewys,6,0.002696629213483146
averey,8,0.0035955056179775282
blenell,6,0.002696629213483146
kelowe,4,0.0017977528089887641
harper,56,0.025168539325842697
crosse,58,0.02606741573033708
stanford,58,0.02606741573033708
chychele,52,0.023370786516853932
croft,60,0.02696629213483146
waren,52,0.023370786516853932
spycer,43,0.019325842696629215
bedford,43,0.019325842696629215
burley,52,0.023370786516853932
cowper,52,0.023370786516853932
danyell,46,0.02067415730337079
malerbe,52,0.023370786516853932
mason,85,0.038202247191011236
saddler,43,0.019325842696629215
bethewater,52,0.023370786516853932
shoemaker,43,0.019325842696629215
fisher,43,0.019325842696629215
basylden,52,0.023370786516853932
fyssher,106,0.04764044943820225
tristram,52,0.023370786516853932
okle,52,0.023370786516853932
schawe,58,0.02606741573033708
warbulton,52,0.023370786516853932
sadeler,58,0.02606741573033708
wever,106,0.04764044943820225
shorley,43,0.019325842696629215
boughton,52,0.023370786516853932
piper,43,0.019325842696629215
ekele,16,0.0071910112359550565
bolde,29,0.01303370786516854
lugge,16,0.0071910112359550565
tyler,132,0.059325842696629216
malese,16,0.0071910112359550565
shuley,16,0.0071910112359550565
belle,35,0.015730337078651686
goolde,35,0.015730337078651686
samyell,35,0.015730337078651686
lauynder,35,0.015730337078651686
bekele,35,0.015730337078651686
calofe,35,0.015730337078651686
wellywyghe,12,0.005393258426966292
wolston,12,0.005393258426966292
chambre,53,0.023820224719101123
carnek,12,0.005393258426966292
hunte,64,0.028764044943820226
holand,12,0.005393258426966292
aysshelegh,12,0.005393258426966292
miles,15,0.006741573033707865
hamalyn,25,0.011235955056179775
simond,30,0.01348314606741573
willeam,25,0.011235955056179775
yen,25,0.011235955056179775
hardones,25,0.011235955056179775
hyht,25,0.011235955056179775
sesse,25,0.011235955056179775
shanke,25,0.011235955056179775
taylor,35,0.015730337078651686
coyrde,25,0.011235955056179775
brown,27,0.012134831460674157
hamelyn,81,0.03640449438202247
herlord,25,0.011235955056179775
pryns,25,0.011235955056179775
shoye,25,0.011235955056179775
welywroght,3,0.001348314606741573
holland,3,0.001348314606741573
harry,154,0.06921348314606741
maddock,12,0.005393258426966292
morland,12,0.005393258426966292
bynneford,12,0.005393258426966292
lasull,12,0.005393258426966292
rege,12,0.005393258426966292
madek,12,0.005393258426966292
pendany,12,0.005393258426966292
trewyne,2,0.0008988764044943821
coventry,15,0.006741573033707865
baxter,58,0.02606741573033708
mudde,3,0.001348314606741573
techemerssh,2,0.0008988764044943821
vynche,25,0.011235955056179775
wilkes,4,0.0017977528089887641
twellod,4,0.0017977528089887641
skinner,51,0.02292134831460674
geuden,2,0.0008988764044943821
swadall,4,0.0017977528089887641
marshal,4,0.0017977528089887641
letter,2,0.0008988764044943821
adams,2,0.0008988764044943821
ransey,2,0.0008988764044943821
derby,25,0.011235955056179775
heyron,6,0.002696629213483146
leget,5,0.0022471910112359553
plumer,5,0.0022471910112359553
fondon,2,0.0008988764044943821
hertilpole,2,0.0008988764044943821
axby,2,0.0008988764044943821
nicholson,4,0.0017977528089887641
donne,4,0.0017977528089887641
bole,3,0.001348314606741573
frensh,2,0.0008988764044943821
blackburn,9,0.004044943820224719
cotes,11,0.004943820224719102
hatel,9,0.004044943820224719
deraunt,9,0.004044943820224719
dorset,3,0.001348314606741573
stokeland,3,0.001348314606741573
sawyer,59,0.02651685393258427
gyser,3,0.001348314606741573
broune,9,0.004044943820224719
tresser,9,0.004044943820224719
tadmyle,9,0.004044943820224719
brone,9,0.004044943820224719
ggoke,9,0.004044943820224719
noreys,2,0.0008988764044943821
frogman,2,0.0008988764044943821
dederic,2,0.0008988764044943821
barnesdon,2,0.0008988764044943821
aleygh,10,0.0044943820224719105
michell,19,0.00853932584269663
gate,10,0.0044943820224719105
frayst,10,0.0044943820224719105
bonde,16,0.0071910112359550565
miller,10,0.0044943820224719105
hians,2,0.0008988764044943821
gamon,4,0.0017977528089887641
robard,3,0.001348314606741573
cave,3,0.001348314606741573
bowdbury,3,0.001348314606741573
bowbury,3,0.001348314606741573
chamberleyn,8,0.0035955056179775282
andrew,22,0.009887640449438203
devyne,8,0.0035955056179775282
galey,9,0.004044943820224719
ashby,9,0.004044943820224719
forteyne,9,0.004044943820224719
potefford,6,0.002696629213483146
dese,20,0.008988764044943821
huchyns,14,0.006292134831460674
hane,14,0.006292134831460674
dynghill,14,0.006292134831460674
mergery,14,0.006292134831460674
banebery,14,0.006292134831460674
wilson,24,0.010786516853932584
wawson,5,0.0022471910112359553
swete,5,0.0022471910112359553
lenthall,8,0.0035955056179775282
lent,8,0.0035955056179775282
bryce,8,0.0035955056179775282
dutchman,18,0.008089887640449439
herman,12,0.005393258426966292
pol,5,0.0022471910112359553
tuner,5,0.0022471910112359553
sewall,5,0.0022471910112359553
thowe,6,0.002696629213483146
osberne,6,0.002696629213483146
perardr,2,0.0008988764044943821
coydon,4,0.0017977528089887641
adeam,4,0.0017977528089887641
rotheley,4,0.0017977528089887641
goldsmith,4,0.0017977528089887641
cleypole,2,0.0008988764044943821
blakwyn,2,0.0008988764044943821
berneville,2,0.0008988764044943821
gerueys,4,0.0017977528089887641
roper,14,0.006292134831460674
drayte,2,0.0008988764044943821
rawlyns,5,0.0022471910112359553
bernard,21,0.009438202247191012
hasard,33,0.014831460674157304
spurner,3,0.001348314606741573
russell,1,0.00044943820224719103
gregory,25,0.011235955056179775
weley,5,0.0022471910112359553
burgon,5,0.0022471910112359553
baywell,2,0.0008988764044943821
pale,2,0.0008988764044943821
wytheley,3,0.001348314606741573
fox,3,0.001348314606741573
gryffen,2,0.0008988764044943821
coket,2,0.0008988764044943821
glasyer,6,0.002696629213483146
gryffon,6,0.002696629213483146
turburvy,6,0.002696629213483146
kenton,51,0.02292134831460674
sherman,76,0.03415730337078652
pusle,5,0.0022471910112359553
purser,7,0.003146067415730337
haleday,7,0.003146067415730337
auche,24,0.010786516853932584
launche,24,0.010786516853932584
mounce,24,0.010786516853932584
logham,24,0.010786516853932584
geran,24,0.010786516853932584
tuns,24,0.010786516853932584
cham,24,0.010786516853932584
wise,24,0.010786516853932584
geram,24,0.010786516853932584
mylys,29,0.01303370786516854
moys,24,0.010786516853932584
hela,24,0.010786516853932584
tryner,19,0.00853932584269663
tutte,27,0.012134831460674157
foty,19,0.00853932584269663
brydport,19,0.00853932584269663
fydeler,19,0.00853932584269663
pole,19,0.00853932584269663
fogdon,19,0.00853932584269663
norman,19,0.00853932584269663
whitehede,19,0.00853932584269663
reue,19,0.00853932584269663
pocok,19,0.00853932584269663
netelcombe,8,0.0035955056179775282
flecher,8,0.0035955056179775282
dunster,8,0.0035955056179775282
bowyer,8,0.0035955056179775282
more,63,0.028314606741573035
morgan,140,0.06292134831460675
sylcock,4,0.0017977528089887641
clyns,4,0.0017977528089887641
sullyng,6,0.002696629213483146
pyne,34,0.015280898876404495
rose,61,0.027415730337078652
clyppes,4,0.0017977528089887641
bokkyng,4,0.0017977528089887641
irton,4,0.0017977528089887641
pley,9,0.004044943820224719
wadeswyke,9,0.004044943820224719
clopton,9,0.004044943820224719
dunstell,9,0.004044943820224719
moylyn,9,0.004044943820224719
knappe,3,0.001348314606741573
hendry,2,0.0008988764044943821
warin,4,0.0017977528089887641
trageny,3,0.001348314606741573
cregeny,3,0.001348314606741573
aulescombe,10,0.0044943820224719105
honyton,10,0.0044943820224719105
devon,15,0.006741573033707865
tyverton,10,0.0044943820224719105
tottecombe,10,0.0044943820224719105
lockyer,10,0.0044943820224719105
hute,10,0.0044943820224719105
brydde,2,0.0008988764044943821
ragan,2,0.0008988764044943821
cregny,3,0.001348314606741573
lynde,38,0.01707865168539326
hoper,97,0.04359550561797753
hope,26,0.011685393258426966
rypey,5,0.0022471910112359553
perfray,4,0.0017977528089887641
stede,5,0.0022471910112359553
saxton,4,0.0017977528089887641
slek,4,0.0017977528089887641
hytecote,2,0.0008988764044943821
matilda,9,0.004044943820224719
spetheley,2,0.0008988764044943821
lynne,2,0.0008988764044943821
daniel,5,0.0022471910112359553
dowbyggyng,5,0.0022471910112359553
thakker,8,0.0035955056179775282
akehorne,8,0.0035955056179775282
alsebroke,8,0.0035955056179775282
brossop,8,0.0035955056179775282
gressop,8,0.0035955056179775282
sclater,4,0.0017977528089887641
brokyng,2,0.0008988764044943821
tylam,2,0.0008988764044943821
harryes,62,0.027865168539325844
blakemore,30,0.01348314606741573
leyne,30,0.01348314606741573
pypell,30,0.01348314606741573
stradelyng,30,0.01348314606741573
tytecole,30,0.01348314606741573
ianyn,34,0.015280898876404495
galant,30,0.01348314606741573
leman,30,0.01348314606741573
oterham,30,0.01348314606741573
gardener,33,0.014831460674157304
antony,30,0.01348314606741573
lenaker,4,0.0017977528089887641
alexander,59,0.02651685393258427
kyngeston,4,0.0017977528089887641
brigger,2,0.0008988764044943821
broup,3,0.001348314606741573
ederyche,6,0.002696629213483146
maryot,46,0.02067415730337079
gderyche,6,0.002696629213483146
soper,6,0.002696629213483146
tebbe,6,0.002696629213483146
cosfe,6,0.002696629213483146
benfeld,6,0.002696629213483146
burbage,5,0.0022471910112359553
sylke,5,0.0022471910112359553
ryngnam,5,0.0022471910112359553
gwyn,8,0.0035955056179775282
roceus,8,0.0035955056179775282
ward,8,0.0035955056179775282
fannacon,8,0.0035955056179775282
bothe,10,0.0044943820224719105
tykhill,8,0.0035955056179775282
basard,2,0.0008988764044943821
lacford,2,0.0008988764044943821
austyn,42,0.018876404494382024
thomyll,2,0.0008988764044943821
fareman,2,0.0008988764044943821
maurice,5,0.0022471910112359553
clyve,5,0.0022471910112359553
benet,61,0.027415730337078652
leke,16,0.0071910112359550565
ratylsden,16,0.0071910112359550565
cowell,16,0.0071910112359550565
heynes,16,0.0071910112359550565
sporle,16,0.0071910112359550565
seynham,16,0.0071910112359550565
stampyn,16,0.0071910112359550565
brewer,22,0.009887640449438203
whithchurgh,25,0.011235955056179775
holmehege,25,0.011235955056179775
glasier,25,0.011235955056179775
gater,36,0.016179775280898877
wely,25,0.011235955056179775
lange,27,0.012134831460674157
hengscote,25,0.011235955056179775
dobyn,25,0.011235955056179775
shuter,25,0.011235955056179775
batyn,25,0.011235955056179775
forde,25,0.011235955056179775
hooker,25,0.011235955056179775
baillif,49,0.02202247191011236
borewlygh,5,0.0022471910112359553
holnehe,5,0.0022471910112359553
gille,5,0.0022471910112359553
hetersete,6,0.002696629213483146
noweman,6,0.002696629213483146
bartholomew,6,0.002696629213483146
petre,6,0.002696629213483146
wemeden,3,0.001348314606741573
aylmer,2,0.0008988764044943821
barry,41,0.018426966292134833
gruff,14,0.006292134831460674
juos,14,0.006292134831460674
lewis,177,0.07955056179775281
lode,14,0.006292134831460674
gruffyn,14,0.006292134831460674
griffith,137,0.06157303370786517
ieuan,27,0.012134831460674157
lodewick,14,0.006292134831460674
bynon,14,0.006292134831460674
madoc,78,0.0350561797752809
madgrum,14,0.006292134831460674
brylley,14,0.006292134831460674
vrylley,14,0.006292134831460674
gotowe,4,0.0017977528089887641
wyth,4,0.0017977528089887641
elelde,4,0.0017977528089887641
elace,4,0.0017977528089887641
rosser,95,0.04269662921348315
whiter,5,0.0022471910112359553
wynne,8,0.0035955056179775282
scot,11,0.004943820224719102
toffay,8,0.0035955056179775282
wyrethorp,2,0.0008988764044943821
castelmartin,2,0.0008988764044943821
stanes,2,0.0008988764044943821
westamley,2,0.0008988764044943821
hurlock,6,0.002696629213483146
leynham,6,0.002696629213483146
pycard,5,0.0022471910112359553
steyner,8,0.0035955056179775282
goodway,8,0.0035955056179775282
wauer,21,0.009438202247191012
walsshe,13,0.005842696629213483
heyward,13,0.005842696629213483
haseley,21,0.009438202247191012
philpot,21,0.009438202247191012
kurkham,13,0.005842696629213483
suell,13,0.005842696629213483
code,6,0.002696629213483146
whitlock,3,0.001348314606741573
byles,3,0.001348314606741573
oluere,3,0.001348314606741573
dean,3,0.001348314606741573
pauls,3,0.001348314606741573
coluyle,2,0.0008988764044943821
philipot,16,0.0071910112359550565
bull,16,0.0071910112359550565
swell,16,0.0071910112359550565
sull,16,0.0071910112359550565
snell,21,0.009438202247191012
kirkham,16,0.0071910112359550565
davers,16,0.0071910112359550565
york,5,0.0022471910112359553
archbishop,2,0.0008988764044943821
wodehale,5,0.0022471910112359553
levyng,6,0.002696629213483146
bruenell,5,0.0022471910112359553
lowkyn,6,0.002696629213483146
tyst,6,0.002696629213483146
peris,6,0.002696629213483146
blowe,21,0.009438202247191012
roo,32,0.014382022471910113
moore,99,0.04449438202247191
wroghton,4,0.0017977528089887641
dauntesey,6,0.002696629213483146
uffenham,6,0.002696629213483146
flore,2,0.0008988764044943821
crofford,5,0.0022471910112359553
mekefeld,7,0.003146067415730337
hill,13,0.005842696629213483
wuly,7,0.003146067415730337
willy,7,0.003146067415730337
osithe,1,0.00044943820224719103
wyndham,6,0.002696629213483146
grandon,6,0.002696629213483146
conyers,6,0.002696629213483146
cosard,2,0.0008988764044943821
godewyn,2,0.0008988764044943821
hawes,4,0.0017977528089887641
seyntlo,4,0.0017977528089887641
styrop,4,0.0017977528089887641
gay,5,0.0022471910112359553
hertyshorne,5,0.0022471910112359553
grey,47,0.02112359550561798
mortofte,11,0.004943820224719102
alford,2,0.0008988764044943821
vill,2,0.0008988764044943821
holdyche,6,0.002696629213483146
lord,6,0.002696629213483146
cobham,6,0.002696629213483146
hughes,3,0.001348314606741573
ultyng,3,0.001348314606741573
mors,3,0.001348314606741573
standrorp,3,0.001348314606741573
lynam,4,0.0017977528089887641
southwode,4,0.0017977528089887641
margerie,4,0.0017977528089887641
warbelton,2,0.0008988764044943821
morteyn,9,0.004044943820224719
drayton,12,0.005393258426966292
strong,12,0.005393258426966292
allerton,12,0.005393258426966292
reynell,7,0.003146067415730337
gryndolf,7,0.003146067415730337
robyns,7,0.003146067415730337
talbot,53,0.023820224719101123
poy,6,0.002696629213483146
newan,6,0.002696629213483146
sturgeon,5,0.0022471910112359553
trevantros,5,0.0022471910112359553
whalesburgh,5,0.0022471910112359553
lygh,2,0.0008988764044943821
baret,76,0.03415730337078652
gof,4,0.0017977528089887641
moysent,7,0.003146067415730337
nedeler,9,0.004044943820224719
peynter,7,0.003146067415730337
bruer,9,0.004044943820224719
stainer,4,0.0017977528089887641
fen,4,0.0017977528089887641
norwich,4,0.0017977528089887641
lacy,9,0.004044943820224719
taverham,9,0.004044943820224719
chapeleyn,9,0.004044943820224719
randolf,13,0.005842696629213483
pugton,31,0.013932584269662922
pugeon,31,0.013932584269662922
peny,31,0.013932584269662922
hawys,31,0.013932584269662922
rysyng,31,0.013932584269662922
gyrdyng,31,0.013932584269662922
collys,31,0.013932584269662922
sleston,31,0.013932584269662922
sheston,31,0.013932584269662922
hawe,86,0.03865168539325843
terman,31,0.013932584269662922
rysing,31,0.013932584269662922
stalon,31,0.013932584269662922
godwyn,31,0.013932584269662922
querdelyng,31,0.013932584269662922
keton,31,0.013932584269662922
moudsle,31,0.013932584269662922
walche,31,0.013932584269662922
pepyr,31,0.013932584269662922
shalton,3,0.001348314606741573
spenser,3,0.001348314606741573
tempest,4,0.0017977528089887641
johanson,4,0.0017977528089887641
manoyr,3,0.001348314606741573
askham,3,0.001348314606741573
george,2,0.0008988764044943821
sheriff,3,0.001348314606741573
baskervyle,3,0.001348314606741573
ambrose,14,0.006292134831460674
bette,14,0.006292134831460674
gefferey,15,0.006741573033707865
basset,18,0.008089887640449439
tanner,7,0.003146067415730337
calowe,6,0.002696629213483146
morth,4,0.0017977528089887641
tounley,3,0.001348314606741573
lambard,3,0.001348314606741573
lodbroke,2,0.0008988764044943821
hale,3,0.001348314606741573
lolle,5,0.0022471910112359553
heyne,5,0.0022471910112359553
lobell,4,0.0017977528089887641
gybunthorp,4,0.0017977528089887641
sondere,3,0.001348314606741573
sonder,3,0.001348314606741573
raundele,8,0.0035955056179775282
stryvener,3,0.001348314606741573
sener,3,0.001348314606741573
sever,3,0.001348314606741573
baron,98,0.04404494382022472
curteys,12,0.005393258426966292
welle,6,0.002696629213483146
bulke,5,0.0022471910112359553
regnald,3,0.001348314606741573
glade,3,0.001348314606741573
knollys,4,0.0017977528089887641
cupper,3,0.001348314606741573
slade,16,0.0071910112359550565
malder,2,0.0008988764044943821
hebbes,2,0.0008988764044943821
weleys,3,0.001348314606741573
archer,2,0.0008988764044943821
puttok,49,0.02202247191011236
netherfield,8,0.0035955056179775282
berkewey,8,0.0035955056179775282
waleys,2,0.0008988764044943821
denver,2,0.0008988764044943821
ponell,3,0.001348314606741573
wardehous,5,0.0022471910112359553
saxham,5,0.0022471910112359553
kylham,2,0.0008988764044943821
dennard,2,0.0008988764044943821
barker,37,0.01662921348314607
balney,3,0.001348314606741573
wikes,4,0.0017977528089887641
green,4,0.0017977528089887641
langhtonleynse,2,0.0008988764044943821
mortlake,5,0.0022471910112359553
frankes,5,0.0022471910112359553
wele,5,0.0022471910112359553
wyngfeld,8,0.0035955056179775282
bolyngeham,8,0.0035955056179775282
wython,3,0.001348314606741573
wythen,3,0.001348314606741573
tremeron,9,0.004044943820224719
tredrue,9,0.004044943820224719
rogan,9,0.004044943820224719
treveugnon,9,0.004044943820224719
ewer,12,0.005393258426966292
kington,12,0.005393258426966292
arnewode,12,0.005393258426966292
spencer,12,0.005393258426966292
togwell,9,0.004044943820224719
touker,9,0.004044943820224719
brymmore,9,0.004044943820224719
seward,4,0.0017977528089887641
curyt,4,0.0017977528089887641
haughton,2,0.0008988764044943821
rotley,3,0.001348314606741573
syngere,4,0.0017977528089887641
pete,4,0.0017977528089887641
hanwell,2,0.0008988764044943821
mory,8,0.0035955056179775282
typper,8,0.0035955056179775282
hille,108,0.04853932584269663
fitzwilliam,2,0.0008988764044943821
madowre,13,0.005842696629213483
couentre,13,0.005842696629213483
myles,13,0.005842696629213483
radclyff,16,0.0071910112359550565
radclyf,13,0.005842696629213483
whytechilde,13,0.005842696629213483
waryn,13,0.005842696629213483
whytechylde,13,0.005842696629213483
dowebyggyng,13,0.005842696629213483
dodekyng,13,0.005842696629213483
nowell,49,0.02202247191011236
beston,7,0.003146067415730337
rande,7,0.003146067415730337
arthur,7,0.003146067415730337
cowe,71,0.03191011235955056
beeston,48,0.021573033707865168
golecher,4,0.0017977528089887641
gylet,4,0.0017977528089887641
bukhorn,4,0.0017977528089887641
bisshop,4,0.0017977528089887641
whitborne,4,0.0017977528089887641
assyk,2,0.0008988764044943821
boston,8,0.0035955056179775282
tredergy,8,0.0035955056179775282
dndell,7,0.003146067415730337
baldewyn,7,0.003146067415730337
werley,4,0.0017977528089887641
fowlyng,6,0.002696629213483146
ralegh,8,0.0035955056179775282
crewes,8,0.0035955056179775282
unknown,3,0.001348314606741573
blakewyn,3,0.001348314606741573
boteler,9,0.004044943820224719
leeds,9,0.004044943820224719
eleman,9,0.004044943820224719
claynger,2,0.0008988764044943821
layner,3,0.001348314606741573
stret,9,0.004044943820224719
sawter,9,0.004044943820224719
steferton,9,0.004044943820224719
blakeswayn,3,0.001348314606741573
marke,5,0.0022471910112359553
plemayn,4,0.0017977528089887641
penros,4,0.0017977528089887641
laurens,4,0.0017977528089887641
blakeweyn,3,0.001348314606741573
scrapyn,37,0.01662921348314607
bron,37,0.01662921348314607
somer,49,0.02202247191011236
cromehall,37,0.01662921348314607
wattes,37,0.01662921348314607
hertlond,37,0.01662921348314607
wymond,37,0.01662921348314607
thacher,37,0.01662921348314607
kynde,37,0.01662921348314607
richardes,37,0.01662921348314607
spyre,37,0.01662921348314607
totteriche,37,0.01662921348314607
philipes,37,0.01662921348314607
pyper,37,0.01662921348314607
goodman,37,0.01662921348314607
weverlang,37,0.01662921348314607
paker,37,0.01662921348314607
koche,18,0.008089887640449439
wilcotes,18,0.008089887640449439
hillier,18,0.008089887640449439
alion,18,0.008089887640449439
burnham,18,0.008089887640449439
alured,18,0.008089887640449439
fyner,18,0.008089887640449439
whitemay,18,0.008089887640449439
whitechurche,19,0.00853932584269663
petyrton,19,0.00853932584269663
vyncent,19,0.00853932584269663
wotton,19,0.00853932584269663
tailour,75,0.033707865168539325
blethyn,19,0.00853932584269663
louell,19,0.00853932584269663
syteyn,19,0.00853932584269663
torney,19,0.00853932584269663
calpoll,11,0.004943820224719102
wexmaker,11,0.004943820224719102
cosyn,12,0.005393258426966292
newland,12,0.005393258426966292
bewshyn,8,0.0035955056179775282
watkyns,8,0.0035955056179775282
wyllyams,8,0.0035955056179775282
wynslawe,8,0.0035955056179775282
mayn,8,0.0035955056179775282
graunt,2,0.0008988764044943821
keteryng,16,0.0071910112359550565
tonok,16,0.0071910112359550565
merden,22,0.009887640449438203
belamy,16,0.0071910112359550565
tomok,16,0.0071910112359550565
croke,16,0.0071910112359550565
gon,16,0.0071910112359550565
fowling,7,0.003146067415730337
hosman,7,0.003146067415730337
pype,27,0.012134831460674157
roche,27,0.012134831460674157
wattys,32,0.014382022471910113
hulcotes,27,0.012134831460674157
faryndon,24,0.010786516853932584
henton,24,0.010786516853932584
wantynge,24,0.010786516853932584
mercham,24,0.010786516853932584
bercote,24,0.010786516853932584
north,24,0.010786516853932584
rogger,24,0.010786516853932584
abendon,24,0.010786516853932584
pusey,36,0.016179775280898877
henxey,24,0.010786516853932584
chepyng,24,0.010786516853932584
bailly,24,0.010786516853932584
mayte,39,0.01752808988764045
harecourt,61,0.027415730337078652
wykes,61,0.027415730337078652
multon,61,0.027415730337078652
bradshawe,61,0.027415730337078652
walssheman,61,0.027415730337078652
mayne,61,0.027415730337078652
aphowell,39,0.01752808988764045
kelow,61,0.027415730337078652
horys,39,0.01752808988764045
dyker,61,0.027415730337078652
statham,39,0.01752808988764045
anneys,39,0.01752808988764045
stokeman,61,0.027415730337078652
pathenham,39,0.01752808988764045
gatacre,61,0.027415730337078652
hogges,61,0.027415730337078652
harcourt,61,0.027415730337078652
kaye,39,0.01752808988764045
spede,61,0.027415730337078652
weuer,39,0.01752808988764045
somerby,61,0.027415730337078652
bastar,39,0.01752808988764045
wodam,52,0.023370786516853932
payne,47,0.02112359550561798
haye,47,0.02112359550561798
howell,108,0.04853932584269663
eyensham,47,0.02112359550561798
staunton,47,0.02112359550561798
courser,47,0.02112359550561798
whitney,47,0.02112359550561798
statheham,47,0.02112359550561798
hoggeys,47,0.02112359550561798
fulbroke,47,0.02112359550561798
bampton,82,0.036853932584269666
idbury,47,0.02112359550561798
oxon,47,0.02112359550561798
eynesham,47,0.02112359550561798
langley,47,0.02112359550561798
shirford,47,0.02112359550561798
ostler,45,0.020224719101123598
walton,51,0.02292134831460674
hakon,45,0.020224719101123598
prouse,45,0.020224719101123598
berle,45,0.020224719101123598
panere,45,0.020224719101123598
lunsdale,45,0.020224719101123598
heerde,45,0.020224719101123598
woodburn,45,0.020224719101123598
herdgrome,45,0.020224719101123598
sewale,45,0.020224719101123598
vincent,45,0.020224719101123598
byngley,45,0.020224719101123598
saunford,45,0.020224719101123598
lewes,45,0.020224719101123598
staunford,45,0.020224719101123598
radcliffe,45,0.020224719101123598
conesby,45,0.020224719101123598
melford,45,0.020224719101123598
molton,4,0.0017977528089887641
strode,2,0.0008988764044943821
mariner,5,0.0022471910112359553
clayson,5,0.0022471910112359553
antwerp,5,0.0022471910112359553
skypper,5,0.0022471910112359553
brabant,5,0.0022471910112359553
edmunds,3,0.001348314606741573
wynwyk,2,0.0008988764044943821
geryng,6,0.002696629213483146
paluer,6,0.002696629213483146
penquyte,6,0.002696629213483146
chapell,3,0.001348314606741573
stolle,5,0.0022471910112359553
estwayte,5,0.0022471910112359553
stokle,5,0.0022471910112359553
crane,3,0.001348314606741573
anna,3,0.001348314606741573
troydon,2,0.0008988764044943821
gue,4,0.0017977528089887641
devaunt,2,0.0008988764044943821
whitetastell,3,0.001348314606741573
whitecastell,3,0.001348314606741573
pyttys,2,0.0008988764044943821
alewyn,2,0.0008988764044943821
markes,3,0.001348314606741573
skyperclayson,3,0.001348314606741573
wyke,4,0.0017977528089887641
machon,8,0.0035955056179775282
hancok,8,0.0035955056179775282
lemyng,8,0.0035955056179775282
echard,2,0.0008988764044943821
chandler,2,0.0008988764044943821
luke,6,0.002696629213483146
philibowe,4,0.0017977528089887641
iestrum,2,0.0008988764044943821
felybowe,2,0.0008988764044943821
assheburnham,4,0.0017977528089887641
brendwood,15,0.006741573033707865
boper,15,0.006741573033707865
marion,15,0.006741573033707865
rudde,15,0.006741573033707865
trayley,15,0.006741573033707865
williamson,15,0.006741573033707865
bansier,2,0.0008988764044943821
lalborne,4,0.0017977528089887641
gloner,4,0.0017977528089887641
clenenu,2,0.0008988764044943821
gorway,2,0.0008988764044943821
steve,3,0.001348314606741573
hare,5,0.0022471910112359553
forydare,5,0.0022471910112359553
boltby,2,0.0008988764044943821
bacon,2,0.0008988764044943821
bysshopp,16,0.0071910112359550565
shelton,10,0.0044943820224719105
mortoste,10,0.0044943820224719105
lene,5,0.0022471910112359553
catfield,5,0.0022471910112359553
loy,5,0.0022471910112359553
catfeld,5,0.0022471910112359553
mowhill,7,0.003146067415730337
cutte,7,0.003146067415730337
waltres,9,0.004044943820224719
snere,9,0.004044943820224719
taton,9,0.004044943820224719
rook,9,0.004044943820224719
slegge,9,0.004044943820224719
cowlynge,5,0.0022471910112359553
togbyacre,5,0.0022471910112359553
basse,5,0.0022471910112359553
welles,2,0.0008988764044943821
colebraunt,4,0.0017977528089887641
geffrey,5,0.0022471910112359553
moungomery,5,0.0022471910112359553
eryssedale,16,0.0071910112359550565
gocelin,16,0.0071910112359550565
savage,16,0.0071910112359550565
lung,16,0.0071910112359550565
banford,16,0.0071910112359550565
gryssedale,16,0.0071910112359550565
grane,16,0.0071910112359550565
purchese,16,0.0071910112359550565
felicia,16,0.0071910112359550565
purchas,16,0.0071910112359550565
shipton,5,0.0022471910112359553
clere,5,0.0022471910112359553
moleyns,4,0.0017977528089887641
hilland,4,0.0017977528089887641
hoskyn,4,0.0017977528089887641
seman,4,0.0017977528089887641
mase,14,0.006292134831460674
scurr,7,0.003146067415730337
hobson,7,0.003146067415730337
wytecombe,14,0.006292134831460674
bordi,14,0.006292134831460674
forman,14,0.006292134831460674
stoure,14,0.006292134831460674
bouche,14,0.006292134831460674
penyr,14,0.006292134831460674
honywyf,14,0.006292134831460674
raller,14,0.006292134831460674
bryt,4,0.0017977528089887641
henseley,15,0.006741573033707865
turnebole,15,0.006741573033707865
edith,26,0.011685393258426966
wey,15,0.006741573033707865
cole,15,0.006741573033707865
culbury,15,0.006741573033707865
bryan,10,0.0044943820224719105
sprynge,10,0.0044943820224719105
hayes,10,0.0044943820224719105
string,10,0.0044943820224719105
rakesworthy,10,0.0044943820224719105
creston,4,0.0017977528089887641
prestecote,7,0.003146067415730337
wallace,6,0.002696629213483146
percy,6,0.002696629213483146
holewey,4,0.0017977528089887641
hayne,4,0.0017977528089887641
thommes,8,0.0035955056179775282
lynderyche,8,0.0035955056179775282
verney,7,0.003146067415730337
wescote,7,0.003146067415730337
malyns,7,0.003146067415730337
kynge,2,0.0008988764044943821
ardern,7,0.003146067415730337
middlemore,7,0.003146067415730337
worsley,7,0.003146067415730337
maynard,3,0.001348314606741573
helye,4,0.0017977528089887641
wright,14,0.006292134831460674
sevenoke,11,0.004943820224719102
johnson,11,0.004943820224719102
ely,11,0.004943820224719102
lolndon,11,0.004943820224719102
stretton,9,0.004044943820224719
bleyse,9,0.004044943820224719
swynwarton,9,0.004044943820224719
ferthyng,9,0.004044943820224719
bryd,59,0.02651685393258427
bertram,5,0.0022471910112359553
mynsterley,4,0.0017977528089887641
philipp,4,0.0017977528089887641
salop,4,0.0017977528089887641
trayan,2,0.0008988764044943821
kyllyn,6,0.002696629213483146
kyll,6,0.002696629213483146
meleman,13,0.005842696629213483
aish,2,0.0008988764044943821
say,2,0.0008988764044943821
juliana,3,0.001348314606741573
lahefeld,3,0.001348314606741573
wilamson,41,0.018426966292134833
kensdale,41,0.018426966292134833
monke,41,0.018426966292134833
alowe,41,0.018426966292134833
wykys,41,0.018426966292134833
axstede,41,0.018426966292134833
hakesewell,41,0.018426966292134833
wyntryngham,41,0.018426966292134833
tok,41,0.018426966292134833
paluser,41,0.018426966292134833
grace,41,0.018426966292134833
coupere,41,0.018426966292134833
styre,41,0.018426966292134833
devet,41,0.018426966292134833
swayn,41,0.018426966292134833
brubke,41,0.018426966292134833
wemme,41,0.018426966292134833
fynne,41,0.018426966292134833
doyle,41,0.018426966292134833
woyche,41,0.018426966292134833
joye,41,0.018426966292134833
pond,3,0.001348314606741573
ionson,11,0.004943820224719102
hyllen,11,0.004943820224719102
meyre,11,0.004943820224719102
ferrour,6,0.002696629213483146
richerd,5,0.0022471910112359553
bonny,5,0.0022471910112359553
cowane,75,0.033707865168539325
cromebache,75,0.033707865168539325
duy,75,0.033707865168539325
gawer,75,0.033707865168539325
benhale,75,0.033707865168539325
smpterman,75,0.033707865168539325
sryer,75,0.033707865168539325
wagot,75,0.033707865168539325
meredith,75,0.033707865168539325
capente,75,0.033707865168539325
shrley,75,0.033707865168539325
guillam,75,0.033707865168539325
havard,75,0.033707865168539325
llaw,75,0.033707865168539325
bychoes,75,0.033707865168539325
lesman,95,0.04269662921348315
vylle,75,0.033707865168539325
rhys,75,0.033707865168539325
kerber,75,0.033707865168539325
mulward,75,0.033707865168539325
aylenon,75,0.033707865168539325
lynke,75,0.033707865168539325
roddenore,75,0.033707865168539325
shobbeden,75,0.033707865168539325
rhun,75,0.033707865168539325
hawardby,95,0.04269662921348315
haearn,75,0.033707865168539325
dachan,75,0.033707865168539325
kedewely,95,0.04269662921348315
verch,75,0.033707865168539325
pirrot,75,0.033707865168539325
rocherhagh,75,0.033707865168539325
eynon,127,0.057078651685393264
lyngen,75,0.033707865168539325
jenkin,95,0.04269662921348315
mosley,75,0.033707865168539325
taverner,75,0.033707865168539325
howel,75,0.033707865168539325
dike,75,0.033707865168539325
henynge,75,0.033707865168539325
faukener,75,0.033707865168539325
griffin,39,0.01752808988764045
habard,39,0.01752808988764045
byrches,39,0.01752808988764045
hocelum,39,0.01752808988764045
llawe,39,0.01752808988764045
rocherlagh,39,0.01752808988764045
gwillum,39,0.01752808988764045
cwane,39,0.01752808988764045
gwillim,39,0.01752808988764045
sagot,39,0.01752808988764045
gerald,39,0.01752808988764045
heuern,39,0.01752808988764045
sumpterman,39,0.01752808988764045
helum,39,0.01752808988764045
kerver,49,0.02202247191011236
lyngon,39,0.01752808988764045
mulbar,39,0.01752808988764045
frensshman,19,0.00853932584269663
miluer,19,0.00853932584269663
denby,19,0.00853932584269663
dogde,19,0.00853932584269663
perot,45,0.020224719101123598
prot,19,0.00853932584269663
berkeys,19,0.00853932584269663
berbeys,19,0.00853932584269663
wasshenasshe,2,0.0008988764044943821
gokke,2,0.0008988764044943821
symond,2,0.0008988764044943821
rokeswood,4,0.0017977528089887641
byerton,4,0.0017977528089887641
bonyfaunt,4,0.0017977528089887641
hoppley,24,0.010786516853932584
bailiff,31,0.013932584269662922
dachum,24,0.010786516853932584
morley,24,0.010786516853932584
corviser,24,0.010786516853932584
oteryche,24,0.010786516853932584
milleward,24,0.010786516853932584
bogham,24,0.010786516853932584
glover,74,0.03325842696629214
filles,24,0.010786516853932584
spysour,24,0.010786516853932584
pytte,36,0.016179775280898877
flochpyn,17,0.007640449438202248
hyde,17,0.007640449438202248
modye,17,0.007640449438202248
somnour,17,0.007640449438202248
buyn,14,0.006292134831460674
philep,14,0.006292134831460674
res,14,0.006292134831460674
madeley,14,0.006292134831460674
dand,14,0.006292134831460674
guyn,14,0.006292134831460674
phelip,14,0.006292134831460674
kellowe,3,0.001348314606741573
holyns,5,0.0022471910112359553
budton,13,0.005842696629213483
dykeman,13,0.005842696629213483
eton,13,0.005842696629213483
wychwose,25,0.011235955056179775
bonoure,25,0.011235955056179775
beny,25,0.011235955056179775
angll,25,0.011235955056179775
harryesson,25,0.011235955056179775
wylhowse,25,0.011235955056179775
canell,25,0.011235955056179775
gany,2,0.0008988764044943821
manricus,7,0.003146067415730337
godrych,7,0.003146067415730337
montgomery,7,0.003146067415730337
talmache,2,0.0008988764044943821
clifton,6,0.002696629213483146
burton,6,0.002696629213483146
gervase,9,0.004044943820224719
raulyns,6,0.002696629213483146
pollard,4,0.0017977528089887641
rosele,2,0.0008988764044943821
lincoln,1,0.00044943820224719103
wynter,3,0.001348314606741573
hodell,3,0.001348314606741573
priory,2,0.0008988764044943821
ledys,2,0.0008988764044943821
mountford,6,0.002696629213483146
joanna,6,0.002696629213483146
montford,6,0.002696629213483146
combe,2,0.0008988764044943821
abbey,9,0.004044943820224719
grenowe,2,0.0008988764044943821
clyfton,3,0.001348314606741573
hulcote,2,0.0008988764044943821
dowe,4,0.0017977528089887641
stapleton,4,0.0017977528089887641
trenchemere,2,0.0008988764044943821
hadilsey,4,0.0017977528089887641
willis,5,0.0022471910112359553
wyllys,5,0.0022471910112359553
loueden,32,0.014382022471910113
toly,32,0.014382022471910113
hugon,32,0.014382022471910113
partrych,32,0.014382022471910113
lanford,32,0.014382022471910113
capron,32,0.014382022471910113
parrych,32,0.014382022471910113
kempe,32,0.014382022471910113
mowe,32,0.014382022471910113
hungerford,32,0.014382022471910113
bettys,32,0.014382022471910113
daungens,32,0.014382022471910113
felys,32,0.014382022471910113
ramsey,8,0.0035955056179775282
under,8,0.0035955056179775282
claklose,8,0.0035955056179775282
hundred,8,0.0035955056179775282
rykkes,8,0.0035955056179775282
brigge,8,0.0035955056179775282
prurst,4,0.0017977528089887641
theyne,9,0.004044943820224719
gromby,4,0.0017977528089887641
worseley,2,0.0008988764044943821
tille,2,0.0008988764044943821
lyston,4,0.0017977528089887641
cornw,4,0.0017977528089887641
mouns,4,0.0017977528089887641
prust,2,0.0008988764044943821
skynner,61,0.027415730337078652
revell,6,0.002696629213483146
lanhergy,2,0.0008988764044943821
trevethan,5,0.0022471910112359553
sante,17,0.007640449438202248
capell,17,0.007640449438202248
lone,17,0.007640449438202248
longford,17,0.007640449438202248
mathew,12,0.005393258426966292
salter,67,0.0301123595505618
drye,83,0.037303370786516854
wyndeber,67,0.0301123595505618
claryode,67,0.0301123595505618
elet,67,0.0301123595505618
hull,67,0.0301123595505618
greke,67,0.0301123595505618
benlloyd,67,0.0301123595505618
solers,67,0.0301123595505618
black,67,0.0301123595505618
ylowe,67,0.0301123595505618
pysche,67,0.0301123595505618
bolcote,67,0.0301123595505618
aldeford,67,0.0301123595505618
pardy,67,0.0301123595505618
wylkyns,67,0.0301123595505618
cleypyt,67,0.0301123595505618
hugyn,67,0.0301123595505618
hoell,67,0.0301123595505618
legeno,67,0.0301123595505618
parlour,67,0.0301123595505618
hampton,67,0.0301123595505618
coriour,67,0.0301123595505618
penbur,67,0.0301123595505618
kuoke,67,0.0301123595505618
prichard,67,0.0301123595505618
hayle,67,0.0301123595505618
segger,67,0.0301123595505618
bulloyd,67,0.0301123595505618
coeser,67,0.0301123595505618
stephens,67,0.0301123595505618
goffrey,67,0.0301123595505618
raond,67,0.0301123595505618
wenllian,67,0.0301123595505618
dege,67,0.0301123595505618
hire,67,0.0301123595505618
bok,67,0.0301123595505618
myskley,67,0.0301123595505618
seys,67,0.0301123595505618
kyneward,67,0.0301123595505618
gawin,6,0.002696629213483146
kirkeby,4,0.0017977528089887641
ryngwode,4,0.0017977528089887641
booth,3,0.001348314606741573
blount,3,0.001348314606741573
bonyngton,2,0.0008988764044943821
montgemy,4,0.0017977528089887641
jaylard,4,0.0017977528089887641
gorge,2,0.0008988764044943821
parva,4,0.0017977528089887641
brewes,1,0.00044943820224719103
reve,23,0.010337078651685394
westminster,7,0.003146067415730337
billyngton,7,0.003146067415730337
thomasson,2,0.0008988764044943821
bruyn,4,0.0017977528089887641
bone,4,0.0017977528089887641
bovy,6,0.002696629213483146
rolls,7,0.003146067415730337
keeper,7,0.003146067415730337
whitchurch,4,0.0017977528089887641
wolphyn,4,0.0017977528089887641
pekkok,6,0.002696629213483146
paunselon,6,0.002696629213483146
sporon,6,0.002696629213483146
streme,3,0.001348314606741573
perard,4,0.0017977528089887641
toker,8,0.0035955056179775282
morreyn,8,0.0035955056179775282
greyson,6,0.002696629213483146
broer,6,0.002696629213483146
costell,6,0.002696629213483146
marchant,6,0.002696629213483146
skydmore,5,0.0022471910112359553
bere,5,0.0022471910112359553
seraunt,2,0.0008988764044943821
irle,9,0.004044943820224719
synchesse,9,0.004044943820224719
poper,9,0.004044943820224719
pover,9,0.004044943820224719
godyere,9,0.004044943820224719
tasse,9,0.004044943820224719
fryday,12,0.005393258426966292
chely,12,0.005393258426966292
cornu,12,0.005393258426966292
carnec,12,0.005393258426966292
frydestoke,12,0.005393258426966292
ryner,12,0.005393258426966292
ancell,12,0.005393258426966292
manyngham,1,0.00044943820224719103
corneser,56,0.025168539325842697
wolse,56,0.025168539325842697
syrok,56,0.025168539325842697
heth,56,0.025168539325842697
pyllysworth,56,0.025168539325842697
wodeward,56,0.025168539325842697
redell,56,0.025168539325842697
maderer,56,0.025168539325842697
bayle,56,0.025168539325842697
garnet,56,0.025168539325842697
glene,56,0.025168539325842697
stradurton,56,0.025168539325842697
neyle,56,0.025168539325842697
moge,56,0.025168539325842697
thurstan,56,0.025168539325842697
collet,56,0.025168539325842697
suthworth,56,0.025168539325842697
atkyns,56,0.025168539325842697
gerton,56,0.025168539325842697
bradurton,56,0.025168539325842697
stredurton,56,0.025168539325842697
tromley,56,0.025168539325842697
sprot,56,0.025168539325842697
plymeyr,56,0.025168539325842697
wormytham,56,0.025168539325842697
lens,56,0.025168539325842697
dest,56,0.025168539325842697
fysher,56,0.025168539325842697
whyrret,56,0.025168539325842697
darby,56,0.025168539325842697
bateman,56,0.025168539325842697
warton,56,0.025168539325842697
dynelyn,56,0.025168539325842697
ancora,5,0.0022471910112359553
andrewes,5,0.0022471910112359553
topyas,5,0.0022471910112359553
precy,6,0.002696629213483146
lyte,6,0.002696629213483146
messenger,2,0.0008988764044943821
bedware,3,0.001348314606741573
cokeston,6,0.002696629213483146
orduna,10,0.0044943820224719105
calverley,6,0.002696629213483146
sancho,6,0.002696629213483146
thornale,20,0.008988764044943821
greve,15,0.006741573033707865
feytyng,15,0.006741573033707865
knygh,15,0.006741573033707865
lokley,20,0.008988764044943821
cuy,15,0.006741573033707865
chebsey,15,0.006741573033707865
shipman,18,0.008089887640449439
morton,13,0.005842696629213483
ahough,18,0.008089887640449439
harryson,18,0.008089887640449439
surrey,13,0.005842696629213483
scovyle,16,0.0071910112359550565
barber,16,0.0071910112359550565
gylford,1,0.00044943820224719103
waferer,1,0.00044943820224719103
gansteyn,2,0.0008988764044943821
hurst,1,0.00044943820224719103
herberd,7,0.003146067415730337
pyrton,7,0.003146067415730337
pegesden,7,0.003146067415730337
beds,7,0.003146067415730337
lawry,2,0.0008988764044943821
hypkyn,2,0.0008988764044943821
braybrook,2,0.0008988764044943821
grofre,2,0.0008988764044943821
emond,2,0.0008988764044943821
loll,4,0.0017977528089887641
goldyng,4,0.0017977528089887641
chyrme,2,0.0008988764044943821
chyrne,2,0.0008988764044943821
thewyt,2,0.0008988764044943821
cobere,3,0.001348314606741573
coleford,3,0.001348314606741573
trotyng,3,0.001348314606741573
dayssheper,3,0.001348314606741573
boscawen,1,0.00044943820224719103
maynhire,21,0.009438202247191012
iacka,21,0.009438202247191012
poklace,21,0.009438202247191012
crousy,21,0.009438202247191012
mule,21,0.009438202247191012
meynhire,21,0.009438202247191012
pascowe,21,0.009438202247191012
genlhyre,21,0.009438202247191012
hamley,21,0.009438202247191012
persone,21,0.009438202247191012
gella,21,0.009438202247191012
jacka,21,0.009438202247191012
watkyn,21,0.009438202247191012
berynger,1,0.00044943820224719103
bouesamatun,1,0.00044943820224719103
hoddesdon,7,0.003146067415730337
hodesdon,7,0.003146067415730337
mylle,7,0.003146067415730337
myll,7,0.003146067415730337
ate,7,0.003146067415730337
frysby,10,0.0044943820224719105
perok,10,0.0044943820224719105
pecock,10,0.0044943820224719105
rawe,4,0.0017977528089887641
morstout,5,0.0022471910112359553
clyfe,3,0.001348314606741573
malyn,2,0.0008988764044943821
brendewood,1,0.00044943820224719103
eke,3,0.001348314606741573
fyle,3,0.001348314606741573
cary,1,0.00044943820224719103
morell,13,0.005842696629213483
mynston,13,0.005842696629213483
fyne,7,0.003146067415730337
wemyngham,12,0.005393258426966292
heye,12,0.005393258426966292
pekeryng,20,0.008988764044943821
risele,15,0.006741573033707865
sapcot,15,0.006741573033707865
beatrice,15,0.006741573033707865
godd,15,0.006741573033707865
sondes,15,0.006741573033707865
clementia,15,0.006741573033707865
brounyng,15,0.006741573033707865
cover,2,0.0008988764044943821
couer,2,0.0008988764044943821
anderewe,2,0.0008988764044943821
avarum,5,0.0022471910112359553
sanche,5,0.0022471910112359553
donell,5,0.0022471910112359553
coucestorn,5,0.0022471910112359553
coraunt,1,0.00044943820224719103
lawghton,1,0.00044943820224719103
greene,4,0.0017977528089887641
tomson,4,0.0017977528089887641
forton,1,0.00044943820224719103
erarde,1,0.00044943820224719103
here,13,0.005842696629213483
pokeryng,9,0.004044943820224719
gemyngham,13,0.005842696629213483
semyngham,9,0.004044943820224719
wylliam,7,0.003146067415730337
croweghate,7,0.003146067415730337
yelverton,11,0.004943820224719102
fylby,11,0.004943820224719102
